<?xml version="1.0" encoding="UTF-8"?><picture><xenc:EncryptedData xmlns:xenc="http://www.w3.org/2001/04/xmlenc#" Type="http://www.w3.org/2001/04/xmlenc#Content"><xenc:EncryptionMethod Algorithm="http://www.w3.org/2001/04/xmlenc#tripledes-cbc"/><ds:KeyInfo xmlns:ds="http://www.w3.org/2000/09/xmldsig#">
<ds:KeyName>Kriptovani tajni kljuc</ds:KeyName>
<xenc:EncryptedKey xmlns:xenc="http://www.w3.org/2001/04/xmlenc#"><xenc:EncryptionMethod Algorithm="http://www.w3.org/2001/04/xmlenc#rsa-1_5"/><xenc:CipherData><xenc:CipherValue>f2WIuXUOqQrvPqizTpJyrrJAN2DIDyT2kMaCQWBJgDOqZUfcBRbq5U7sWqAuUcHBobdU8t/F5Uvh
hDqnENK6V577LsEFLMyaEb/R1qEnVhwMzwasUIXxAtGze2ljNMnuV+rArsLUOX1SN3TYgOsqdAeg
R2+JBb1OMQSP26yiFM4cHYmF13KphszEKOINcpaJ2YiUpu2bx0YGoiszOcz5/y1KaE68vykJMS5E
wjDrFBiaeDmxIxI6+znSbsvpK5dy6zz7MjFpnjbrTvulW+66K7YOLmW9GwS3Gtihj+RldpTNPirn
ua6li/8wW5DNvMMOu8i1WHfeiLIUsKP5mbuhzw==</xenc:CipherValue></xenc:CipherData></xenc:EncryptedKey></ds:KeyInfo><xenc:CipherData><xenc:CipherValue>vIj/G3IZS+3G8jwaadkA/bCQKOLy1BqIK7MmUQYsXkTdH+YGErr+fHp5meoxWgnBRE9QbuuYyj+r
wUD1Dqyhq+amcr5W1qlAzOqnBCJ7jqomKivLUeeL++4jhTpNzRaAVbaW0qbsVLhiOQukbbY0VCFo
WhA6RVTBQesVMJSpuPT2pQPELuRtf28c1iVHP4XurR08cKw4eMA=</xenc:CipherValue></xenc:CipherData></xenc:EncryptedData></picture>