<?xml version="1.0" encoding="UTF-8"?><picture><xenc:EncryptedData xmlns:xenc="http://www.w3.org/2001/04/xmlenc#" Type="http://www.w3.org/2001/04/xmlenc#Content"><xenc:EncryptionMethod Algorithm="http://www.w3.org/2001/04/xmlenc#tripledes-cbc"/><ds:KeyInfo xmlns:ds="http://www.w3.org/2000/09/xmldsig#">
<ds:KeyName>Kriptovani tajni kljuc</ds:KeyName>
<xenc:EncryptedKey xmlns:xenc="http://www.w3.org/2001/04/xmlenc#"><xenc:EncryptionMethod Algorithm="http://www.w3.org/2001/04/xmlenc#rsa-1_5"/><xenc:CipherData><xenc:CipherValue>JL5KSFg67q9cDjepFTVbE4SBGInV0zz3zMzD5vvpeCORI9FlV1z+QgGUmr4A18EbYsarmizyx/Ec
6r/si2fJ1cRT+tdMGZfln461Y5T0z5C6v4ec2c1Zkg6kVssJizrXGuO0v5P5VdRpNFfE92bE+cWX
Fxmk/iuI9GiN1bh+B1dnOu+oAMRETYIJQr0pPsOo5y6aRvXKN6LqrrEWq70yzKsXwHZy6/jEi6cV
Sxtf/C9mIeGB3k0FBH335np9UfYpNaQDfMSWyQM1jxLoETpiuVtVbRjdMffSsku8263z3ajg6gja
UQJr8tnNOL9cMJ2jDZvC05qv8Jg4L/vKJRdJzQ==</xenc:CipherValue></xenc:CipherData></xenc:EncryptedKey></ds:KeyInfo><xenc:CipherData><xenc:CipherValue>o+2CBCpxGjwO+p7rHEb21bAqOIDsHA+0rlt6/hUN7LSeY3c0IXxnR0vVaBHa2srR8Fw/O1r/rdRu
S/V1idOKzxbqUFiBMQdnpqcIH0KC28F567Di+lGXTrXYtr4ALRh1vTQ1yYiEKySlaZe0xT8tusa0
6/iMgmwWWrceKn43Y2FlZdbBDNYEVH+6e6SiLcpe12eGGRJvoeg=</xenc:CipherValue></xenc:CipherData></xenc:EncryptedData></picture>